,titles,category
0, 명품백이 대통령 기록물  그러면 명품관은 박물관인가  경악한 김웅,Politics
1,이준석  한동훈 우세승인데   도 인사만 기억남아 ,Politics
2,  최선희 손에  수상한 서류    푸틴  인류 역사상 초유의 도박하나   녹취록 ,Politics
3,김웅  윤 한 갈등은  다 진 게임  김건희 여사 출국도 해법 ,Politics
4,   이번엔 순항미사일 도발 핵탄두 탑재시 최대 살상고도 찾나,Politics
5, 김건희 명품백  더 말 안 한단 한동훈  해결된 게 없다,Politics
6, 충분히 말씀드렸다  입 다문 한동훈 민주  정치쇼 말고 특검 ,Politics
7,한동훈   김 여사  언급 안 해  충분히 말씀드렸다 ,Politics
8, 속보 이재명   윤석열 한동훈 절규하는 피해 국민 앞에서 일종의 정치쇼 ,Politics
9,새미래  미래연합에    일 광주부터는 창당대회 함께하길 ,Politics
10,이준석  양향자 한국의희망과 개혁신당 사실상 합당 선언 ,Politics
11, 이언주에 복당 권유한 이재명  실익은  ,Politics
12,한동훈  사퇴 방어로  홀로서기  일부 성과 갈등 불씨 남아,Politics
13,김정은  대사변 준비  이후  도발수위 계속 높이는 북한,Politics
14,당적 밥먹듯 바꾼 이언주  민주당 복당땐   번째 ,Politics
15,정동영  민주당 탈당파 호남 상륙 안돼 민주벨트 형성해 대응 ,Politics
16,김웅  김건희 불쌍하게 보이는 방법밖엔 사저나 외국 나가야 ,Politics
17, 친윤  이용에 불쾌감 표한   이상민  그분이   대변하나  직책도 없어 ,Politics
18,윤 한 저격 민주당  본질은 김 여사 죗값 치르는 것  정치쇼 변명 안 돼 ,Politics
19,한동훈  김 여사 질문에  제 생각 충분히 말씀드렸다 ,Politics
20, 김미경의 정치네컷  한동훈의  폴더인사   윤석열의  어깨 툭  극적화해  약속대련 ,Politics
21, 뉴스포커스  화재현장 동행한 윤대통령 한동훈 갈등 불씨는 여전,Politics
22,대만 야당  판도 변화  입지 좁아진 국민당    기선잡은 민중당,Politics
23,김건희 문제 입장 밝혀야      기자회견 열어야    ,Politics
24,김경율 사퇴가 출구전략  한동훈  그런 말 들은 바 없다 ,Politics
25,이준석  나는 정공법 썼지만   한동훈은 어설픈 봉합 ,Politics
26,국민의힘 전현직 국회의원 의정부갑 출사표 종합 ,Politics
27,불출마 김웅  김 여사  사저 가거나 해외로 나가라 ,Politics
28,이재명  윤 한  서천 봉합 에  그곳에서 정치쇼  역사에 남을 것 ,Politics
29,국힘 혼란할 때면 두더지처럼 쑥쑥 튀어나와 분란 부채질하는 사람들  기자  시 ,Politics
30,응답자      김건희 여사  명품 가방  논란  대통령이 직접 입장 밝혀야 ,Politics
31,윤석열 향한 한동훈의   도 인사 갈등 봉합  돌고 돌아 민주당 가는 이언주,Politics
32, 뉴스라이브  조응천  수박 나가니 이젠 멜론 압박 ,Politics
33,   예비군 동원훈련  년  년 보상비   만원 주겠다 ,Politics
34,윤석열    한동훈  지금은 예고편에 불과 본편은 공천 싸움 ,Politics
35,민주 총선  공약 발표  사병 휴대전화 요금 할인비율    로 ,Politics
36,용산 자극 피하려  한동훈  김건희 김경율 관련 입장 묻자  침묵 ,Politics
37,     당직비 인상 사병 전화요금 절반 할인 동원훈련 단축 ,Politics
38,     절반의 화해   김여사 김경율 민심  불씨 남아,Politics
39,이재명  대통령  절규하는 피해 국민 배경으로 정치쇼 ,Politics
40,유권자         김건희 문제에 입장 밝혀야   엠브레인퍼블릭 ,Politics
41, 뉴스       한동훈  총선 승리 다짐  함께 가면 길이 됩니다 ,Politics
42,김무성  김건희 직접 나설 필요 없다 김경율 사퇴해야 ,Politics
43,이상민  김경율  지금 그만두면 입 틀어막는 것 당에도 역효과 ,Politics
44,윤석열 입은 점퍼  한동훈과 특검 때 함께 입던 옷    녹취록 ,Politics
45,이인제   이재명   우리 북한  작심하고 한 말 ,Politics
46,이준석  한동훈  삼일천하 도 안돼 어설픈 봉합으로 진퇴양난 ,Politics
47,시민      윤 대통령  김건희 관련 입장표명해야 ,Politics
48,  대변인   윤 한 갈등  없었다 의사소통의 일시적 교란 정도 ,Politics
49,대통령실  김경율  말 안하고 한동훈  김 여사  답변     ,Politics
50, 폴더인사  챙기고  상인 분노  남긴 현장 방문 영상 ,Politics
51,추미애     임종석 노영민에  정치적 양심 실종 ,Politics
52,합참  북한  서해 일대에서 순항미사일 여러 발 발사  종합 ,Politics
53,이준석 허은아  윤 한 어설픈 봉합  역시나 약속대련 ,Politics
54, 노무현과 윤석열의  거부권   근본이 다르다 ,Politics
55,  공관위원장      갈등봉합에  굿뉴스  김경율 전략공천 가능성도,Politics
56,합참     서해 일대에서 순항미사일 여러 발 발사  화살    형에 무게,Politics
57,금태섭     한동훈 비판 전 본인들부터  유권자 공감 얻기 어려워 ,Politics
58,   서해 일대에서 순항미사일 수발 쏴       추가 징후 주시   종합 ,Politics
59,김웅  김 여사  사저 가거나 외국 나가는 정도 방법 취해야 ,Politics
60,미래 권력에 줄 서나   친윤 의 침묵,Politics
61,   해일 시험 닷새 만에 순항미사일 쏴 올해  번째 도발 일지 ,Politics
62, 반윤 이면  반문 도 좋다 민주당 계파갈등 자극하는 이언주 복당 논란,Politics
63,   이번엔 순항미사일 도발  서해 일대서 여러 발 발사 ,Politics
64,중대재해법        유예 마지막까지 최선        산안청 수용해야 ,Politics
65,이재명  절규하는 국민 앞에서 정치쇼  야   윤 한 화해  이틀째 맹폭,Politics
66,이재명  재난현장 배경으로 정치쇼 역사에 남을 사건 ,Politics
67,   이번엔 서해상으로 순항미사일 발사     추가활동 주시 중  종합 ,Politics
68,      년부터 풍계리 핵실험장 건설 추정  비밀 해제  위성사진 공개,Politics
69,원희룡   김건희 명품백 논란   국민 납득할 수 있게 풀긴 풀어야 ,Politics
70, 그냥 가면 뭐하러 오신 거야  상인들 분노    정치쇼 이용 ,Politics
71,민주  윤 한  화재 현장서  갈등 봉합쇼  재난을 장식품으로 활용 ,Politics
72,김웅  김건희 명품백  해결책은 과거       복기 납작 엎드려야 ,Politics
73,김경율  사퇴 의사 없다 김 여사 명품백 입장은 밝혀야 ,Politics
74,부산  개 지역구 전략공천  원외 정치신인들 전전긍긍,Politics
75,    갈등은 봉합     김건희 리스크 는 여전  우려,Politics
76, 전격시사  김근식    한동훈  서둘러 봉합 한동훈 판정승   김준일    한동훈  윈 윈 아닌 루즈 루즈 게임 ,Politics
77,   해외 나가야  주장까지 국민의힘   김건희 리스크  여진,Politics
78, 연합뉴스 이 시각 헤드라인         ,Politics
79,    에르메스백 과  김건희 디올백  이 다른 이유,Politics
80,김남국  햄버거집서 소개팅 비싸서 하나 나눠먹었다 ,Politics
81,국민의힘 공관위  전략공천   곳까지     주호영 감점 제외  등 이의신청은 결론 못 내,Politics
82, 다 진 게임 김건희 여사  사저나 외국 나가야 국면 전환 ,Politics
83,이재명  서천시장 봉합쇼  수해 현장서 사진 타령하던 장면 떠올라 ,Politics
84, 의전이냐   배짱 부족    향한    폴더 인사  비판하는 정치권,Politics
85, 속보  합참  북한  서해로 순항미사일 여러 발 발사 ,Politics
86,속도 붙는 제  지대 빅텐트 이준석 양향자 먼저,Politics
87,봉합열차 탄     명품백 사천 논란  갈등 불씨  여전  이런정치 ,Politics
88,한동훈  김 여사 질문에  이미 충분히 말해    김경률 사퇴  들은 바 없어 ,Politics
89, 정치쇼  박성태 이재명      봉합  디올백 김경율 용핵관 공천 문제 남았다 ,Politics
90, 김경율 사퇴로 출구  김여사는   쏟아진 질문에 말 아낀 한동훈  현장영상 ,Politics
91,한동훈   김여사 관련 입장 바뀌었나  질문에  제 생각 충분히 말씀드렸다 ,Politics
92,대통령의  인신공격  화법  증오 키운다,Politics
93, 열차 같이 탑시다    제안에 한동훈이 보인 반응   녹취록 ,Politics
94, 김 여사 가방 수수  국민      대통령이 입장 밝혀야 ,Politics
95, 전격시사  김무성  이준석 제 신당과 같이 할 생각 전혀 없어 ,Politics
96, 일타 박성민   윤 한 충돌 왜  이 졌는가  ,Politics
97,원희룡  명품백 논란    선동 끌려갈 이유 없지만 풀긴 풀어야 ,Politics
98, 속보  합참  북  서해상으로 순항미사일 여러 발 발사 ,Politics
99, 김건희 리스크 에 침묵하는 한동훈  더 말씀드리지 않겠다 ,Politics
100, 이번 주 안에 결론 내야  제 지대 민주 계열 선통합 가능성,Politics
101,김웅  김건희 여사  사저로 가든지 외국에 나가 있든지 해야 ,Politics
102,한동훈   김경율 사퇴설 에  그런 얘기 들은 바 없다 ,Politics
103, 김건희 리스크  해법 분분  대통령 입장 내야      사과 무의미 ,Politics
104,김무성  김건희  사과문 내고 대통령이 유감의 뜻 표해야 ,Politics
105,윤  같이 타자  한  자리 있습니까  열차 동승해 서울로,Politics
106, 전격시사  금태섭    한동훈 갈등  정당 제도의 근간 무너뜨려 ,Politics
107,이언주  민주당으로 다시 복당   이재명이 제안했다    녹취록 ,Politics
108, 정치쇼  박주민    당무개입 법적 문제 세밀 검토할 것 ,Politics
109, 비명  잡겠다는 친명 비례들  왜 집안싸움 일으키나 ,Politics
110,박지원       빽전쟁  봉합되지 않아 언 발에 오줌 누기 ,Politics
111,한동훈  김경률 사퇴설에  들은 바 없다 김건희는 더 말 안해 ,Politics
112,김건희 향해  황후마마냐     이언주  민주당 복당 고심,Politics
113, 정치쇼  논란 서천시장 이준석     화재 구경갔나   피해상인 안 만나 ,Politics
114,지난해 경쟁률의  배 북한 도발하자 해병대 지원자 뛰었다,Politics
115,한동훈  내가 해온 것들은 민생 좋게 만들기 위함  도 마찬가지 ,Politics
116,이상민  김경율  지금 그만두면 입 틀어막는 것밖에 안 돼 ,Politics
117, 정치쇼  신평      만난다고 갈등 해소 안돼   한계 보완할 인물 많다 ,Politics
118, 많이 해 먹었는데 왜 또 나온다  비판에 김무성  후배들 못해서 ,Politics
119, 자막뉴스  결국 선 넘은 집안싸움  혼돈의 민주당  위험 예고 ,Politics
120, 영상   과 전용열차 함께 탄 한동훈    여권 분열  봉합 국면에 들어섰다,Politics
121, 월간중앙  직격 인터뷰    노동 교육 연금개혁에서 청년층에 어필 보수 본진   에서도   확보 가능 ,Politics
122,허은아   지대 합당 불발 안될 것 마음 바뀐 국민의힘 현역 많아 ,Politics
123,추미애  석고대죄 해야할 임종석 노영민 출마  정치적 양심 실종 ,Politics
124,김웅  윤 한 둘 다 졌다 김건희 외국행도 해법 ,Politics
125,금태섭  민주당  한동훈   아바타  비판  이재명 아바타  현실을 스스로 돌아보라 ,Politics
126,진중권  김건희 쓴소리한 김경율 내치면 한동훈 비대위 실패 ,Politics
127,여 전략공천 우선추천 가능 지역 마포갑을  계양을 분당을 등,Politics
128,김한정   비명  꼬리표에  차라리 김대중계라 불러달라 ,Politics
129,서천 상인 목소리 외면한    대통령실  현장서 직접 피해 상인들 위로 ,Politics
130,박지원  김건희 사과해도 특검 박근혜도 사과했지만 탄핵 ,Politics
131, 디올백   여당을 뒤흔들다   김여사 논란      보도,Politics
132,신평  한동훈  김건희 명품백  언급에 중도 확장력 없어 무리한 발언 ,Politics
133,  영상  천하람     한동훈에게 공간 열어줄 생각 없다 ,Politics
134,해군      북극발 한파 뚫고 훈련  훈련  훈련  적진 침투 임무 완수할 것 ,Politics
135,   조국통일  대헌장 기념탑  허물었다 김정은 지시 빠르게 이행 종합 ,Politics
136, 대변인  윤 한 갈등  잠깐 소통 교란 명품백 공작 맞지만  설명은 필요 ,Politics
137,김경율  사퇴할 뜻 없다 김 여사  명품백 입장 밝혀야 ,Politics
138,윤석열  과잉 경호  이재명  특혜 이송  논란 이렇게 대처했더라면  어떻게 생각하십니까 ,Politics
139, 지지율     에서 대량 탈당 사태까지 황혼기의  원내 당  정의당,Politics
140,진중권  김경율 내치면 한동훈 비대위 실패  말짱 도루묵 ,Politics
141,  한동훈 회동  정작 화재 상인들은 안만나  민주  재난 앞 비정한 대통령  비판,Politics
142,전용열차 동승에도 민감한 얘기 안 꺼내 김경율 거취 등  불씨  여전,Politics
143,한동훈  폴더 인사  대통령  어깨 툭 뉴스쏙 속 ,Politics
144,김경율  사퇴 생각 없다 김건희 여사가 명품백 입장 밝혀야 ,Politics
145, 영상 김영배  대통령실 한동훈 갈등  짜고치는 고스톱  신율의 이슈메이커 ,Politics
146,연안 항만 방어 최강  유도탄고속함  빠른 기동성 유도무기 탑재로 대형구축함도 격침 이현호 기자의 밀리터리 톡 ,Politics
147, 윤 한 충돌  약속대련이 아닌 이유 서초동 아닌  여의도 속성 ,Politics
148,이용호  당원이라면 누구든지 비대위원장 거취 얘기할 수 있어 ,Politics
149,이용호  사퇴 요구가 당무개입  대통령도 당원이라 의견 제시 가능 ,Politics
150, 김건희 여사 사과 필요없고 수사받아야  박용진 직격,Politics
151,공지영  이준석 예뻐보여  한동훈 국힘이지만 맞는 말  하태경  용기있는 고백 ,Politics
152, 친명  양이원영  비명 양기대에 도전장 민주  자객 출마  논란 지속,Politics
153,서천 상인 목소리는 외면      현장서 직접 피해 상인들과 대화 ,Politics
154, 같이 가자   자리 있나요      갈등 사흘만에 봉합 분위기,Politics
155, 단독  김건희  당이 사과 결정하면 따를 것  의사전달    공세  우려에 결론 못내,Politics
156,국민의힘   연패한 지역  전략공천 가능  서울 마포을 인천 계양을 해당,Politics
157,이원욱  제 지대 통합 위해 당명 대표 공천까지도 양보 가능  한판승부 ,Politics
158,배종찬  윤 한 갈등에서 한동훈 버틴 이유  높은 지지율 덕  한판승부 ,Politics
159,이준석  한동훈   차전 약속대련서 우세승    차전 있을 것  예측,Politics
160, 에 무심하던    김정은 위협에 주목 전선확대 우려하는듯,Politics
161,김경율  사퇴할 뜻 없다 김건희 명품백 입장 밝혀야 ,Politics
162,명품백 대응 김경율 거취 윤 대통령 한동훈  뇌관  그대로,Politics
163,인구절벽에 병역제도 바꾼다   예비역 병장도 하사로 임명 ,Politics
164,신평  한동훈에 충고  현재 권력 이길 생각 버려라  그건 망상 ,Politics
165,이용호  김건희 사과 불필요  이슈 자체가 소진된 상황  한판승부 ,Politics
166,한동훈  이재명에 쏠렸던 관심 찾아왔다 검색량 폭발  신현보의 딥데이터 ,Politics
167,명품 가방 수수  김건희가 아니라 김정숙이었다면   김은지의 뉴스   ,Politics
168, 명품 가방 반환하면 국고 횡령   사과 아닌 수사 대상 ,Politics
169,   전용 열차 같이 타자   한동훈  자리 있습니까 ,Politics
170,진중권      갈등  김경율 거취로 판가름 김경율 계속 가는 게 대통령한테도 나쁘지 않아 ,Politics
171, 마이웨이  김경율  사퇴 안 해 김 여사  입장 밝혀야 ,Politics
172,충돌 이틀 만에 전격 회동 서둘러 봉합 나선 속내는,Politics
173, 김경율 사퇴 도 미봉책  불씨 여전,Politics
174,     갈등 일단 봉합  김경율 사퇴  가능성은 ,Politics
175,손 맞잡은   한동훈  암 투병  전여옥 울컥  두 분에 이 나라  운명  걸려 ,Politics
176,     직접 대화로 갈등  조기 진화   민생현장서 소통 시작 기회 마련 ,Politics
177,    회 연속 패배 지역은  전략공천 ,Politics
178,박영선   장관  반도체  국가간 리그의 핵심    클러스터  반드시 해야 할 일   세상을 보는 창 ,Politics
179,민주  총선 예비후보 간 신경전에 자제령 계파전 양상에 경고,Politics
180,  인 비서국  꽉꽉 채운     핵심 리병철 해임 등  회전문 인사 는 여전,Politics
181, 단독  도발에  목숨 걸고 나라 지킨다  한때 미달 해병대 지원   대   급증,Politics
182,상인들  불구경 왔냐  항의 대통령실  상인 모두 박수 ,Politics
183,민주  아무리      브로맨스 화해쇼  급했다지만  ,Politics
184, 에선 미사일 받고  에는  관계 회복    알쏭달쏭  러시아 속내,Politics
185,   공무원이 떠난 빈자리    대  잘파 희망 이 채운다,Politics
186, 지대  이낙연 광주 출마 압박  정작 텃밭인 호남 민심은 싸늘,Politics
187,이낙연 신당 미래대연합 주내 통합 마무리,Politics
188, 책임론 부상  김경율 물러날까,Politics
189,마포갑 을  계양을  해운대갑    최대   개 지역 전략공천,Politics
190, 윤 한 충돌  봉합 시도하지만 김건희 리스크 불씨는 그대로,Politics
191,   열차 함께 타자     자리 있습니까 ,Politics
192,   김건희 리스크  엇갈린 해법   몰카 정치공작   입장 표명해야 ,Politics
193,   한파 속   분 기다린 한동훈 어깨 치며 친근감     도 허리 숙여 인사,Politics
194,윤 한  갈등 봉합 수순에  갈등 촉발자  김경율 사퇴하나,Politics
195,     어깨 두드리고 열차  동반 탑승 ,Politics
196,추미애    키운 임종석 노영민 출마 안 돼 ,Politics
197,김건희 명품백은  대통령선물  아닌데 왜 돌려주지 않을까,Politics
198,     한동훈 브로맨스 화해쇼      저급한 인식 ,Politics
199,백종원에 여 야 모두  정계 진출  러브콜,Politics
200,깍듯이   도 인사한    어깨 툭 치며 악수한  ,Politics
201,당 장악력 커진  ,Politics
202,민주당  정권심판론 명분 사라질 수도  우려,Politics
203,   자리 있습니까  묻자   대통령  어  같이 올라가자 ,Politics
204,  특검법  갈등 불씨    일부  특검 받아 리스크 털자 ,Politics
205,국민의힘  이재명 정청래 저격수 투입 길 열어 놨다,Politics
206,속도 못 내는 제 지대 빅텐트 만들기   기호  번  난망,Politics
207, 발달장애아 왜 낳았노  말한 부산 북구청장 사과했지만 ,Politics
208,이철규  한동훈 사퇴설에  너무 나간 얘기 긍정적으로 잘 봉합될 것 ,Politics
209,  도 서천 갑니다  보고에   대통령  같이 가자 ,Politics
210,대통령실  봉합 시간걸려     숙제 못풀어    여사 공천 불씨 여전,Politics
211,벼랑 끝 여권 갈등  재난 앞에 멈췄다   주일간 무슨 일이,Politics
212,    도 인사     열차 같이 타고 가자    주로 민생 얘기 ,Politics
213,친윤  김경율 비대위원 사퇴해야      사퇴 생각 없다 ,Politics
214,한동훈   대통령에 깊은 존중 신뢰 있다   핵심 쟁점은 언급 안해,Politics
215,민주당  컷오프  대 범죄 에 음주 전과 이재명은 안 걸려,Politics
216,친명  이젠 친문 핵심 노려  지역구 표적 출마,Politics
217,열차 타고 마주앉은  시간  민생 얘기 길게 나눴다,Politics
218,윤석열 정권의 여당대표 잔혹사 왜 계속되나 ,Politics
219,김경율 사퇴  김건희 입장표명      갈등 출구전략 주목  정국 기상대 ,Politics
220,한동훈  열차 자리 있습니까  윤석열  어  같이 올라가자 ,Politics
221,한동훈 화법   이재명 민주당     회   윤석열 김건희   회,Politics
222, 사퇴  논란 이틀 만 조우 윤석열 한동훈 일단은 화해 선택 ,Politics
223,공천 의식  윤 대통령  홍위병     초선  침묵 ,Politics
224,민주당   윤 한 갈등  반사이익 찾다가 우왕좌왕 공세,Politics
225,윤 한 충돌 이틀만에  봉합열차 ,Politics
226, 총선 앞 분열은 공멸  이심전심      갈등 봉합 수순,Politics
227,친명  비명 지역구 잇단 출사표   집안싸움 위험 수위,Politics
228,이재명에 복당 권유 받은 이언주  진지하게 고민 중 ,Politics
229,김근식    약속 대련  주장은 정치적 의도   김경율 마포을 출마  선당후사  논란 이어지면 불출마하면 돼 ,Politics
230, 투나잇이슈  윤 대통령 한동훈  서천 화재현장 동행 야  정치쇼에 활용 ,Politics
231, 나이트포커스   윤 한 갈등  봉합 수순,Politics
232,화재현장 달려간      직접대화로 갈등  조기 진화  공감대 종합 ,Politics
233, 백브  핑   결혼 안 한 이준석  세상 물정 몰라  무임승차 폐지에 발끈한 노인회장  이런 게 꼰대 ,Politics
234,김경율 원희룡 전략공천 길 열려    경쟁력 낮거나  연패한 지역에 가능 ,Politics
235,  공관위  세번 연속 진 곳 전략공천   마포을도 해당,Politics
236,해운대갑 사상 중영도  전략공천  가능성 치열해진 경쟁 최대 변수 급부상,Politics
237,   경선없는 공천   곳   가능토록 해  예외없는 상향식  혁신안과 멀어져,Politics
238,국민의힘  단수 전략공천 기준 공개  시스템 공천  강조,Politics
239,김여사 디올백 발언 후 국힘 탈당 이언주  민주당 재입당할 듯,Politics
240, 김건희 사과 사천 논란  갈등 털어낸  윤 한 동행  시간  분 ,Politics
241, 김건희 리스크 사천 논란    갈등 뇌관은 그대로,Politics
242, 국힘 탈당  이언주 전 의원  돌고돌아 민주당 재입당할 듯,Politics
243,국민의힘  서울 마포을 등  연패 지역구 전략공천한다,Politics
244,김경율 거론된 마포을 등     회 연속 패배 지역에 전략공천,Politics
245,    당 총선  회 연속 패배  험지 출마자 우선추천 종합 ,Politics
246,   후보 경쟁력 낮거나 총선  연패한 곳  전략공천 가능 ,Politics
247, 정면승부  정성호  대통령 무시하고  한동훈  독자 공천하기 어려울 것 ,Politics
248,    회연속 패배지역 전략공천   이재명 정청래 지역도 해당,Politics
249,국힘  서울 마포을 인천 계양을  전략공천  가능성 높아져,Politics
250, 단독  김건희  최근  당이 사과 결정하면 따를 것  의사전달    공세  우려에 결론 못내,Politics
251,친윤계 이철규    사퇴요구는 너무 나간 얘기  김경율  해명글 올렸다 삭제,Politics
252,김경률 겨냥한  친윤   김건희 앙투아네트  마녀사냥 하는 모습 자제해야 ,Politics
253,이상민  한동훈 사퇴요구 논란에  대통령 비서실장이 책임져야 ,Politics
254, 속보    공관위  여론조사  위 후보 지지율이  위 두배 이상이면 단수 공천 ,Politics
255,임혁백 공관위  이재명 사법리스크 돈봉투 의원에 벌써부터 관대 ,Politics
256,여당 탈당 이언주  돌고 돌아 다시 민주당으로,Politics
257,여   회 연속 패배 지역에 전략공천 서울 마포을 등 해당 종합 ,Politics
258,윤 대통령  여권 장악력  훼손 한동훈  홀로서기  일부 성과,Politics
259,국민의힘  지지율 월등히 높으면  단수공천  불출마 컷오프 지역은  우선공천 ,Politics
260,이준석  윤 대통령    한동훈   차전 한동훈 우세승    차전 있을듯 ,Politics
261,불씨 안고  윤 한 충돌  일단 봉합,Politics
262,민주  피해 상인은 안 만나   윤석열 한동훈 정치쇼 ,Politics
263,국민의힘 공관위   회 연속 패배 지역은 전략 공천 ,Politics
264, 정면승부  송영훈    한  오해 풀 정도 소통 있었을 것  성치훈  이틀만에 수습되지,Politics
265, 불구경 왔나  윤석열 한동훈  화해 배경 으로 쓰인 화재 현장   김은지의 뉴스   ,Politics
266,윤  같이 가자  한  깊은 존중  총선 공멸 위기감에 서둘러 손잡아,Politics
267,국힘  경선서  회 이상 경고시 후보자 자격 박탈 현역 컷오프 지역 우선추천,Politics
268,국민의힘 공관위   여론조사 지지율  배 차이 나면 단수 공천 ,Politics
269, 공관위   연속 패배 지역 전략공천    김경율 거론된 마포을도 해당,Politics
270,고민정      어깨 툭 으로 끝    대통령 멱살  한동훈  뭘 하든 바지사장 될 것  여의도초대석 ,Politics
271, 예상 못한 만남  이례적 생중계 화해 수습에 적극적  왜 ,Politics
272,  공관위  부산 해운대갑 인천 계양을 서울 마포을 전략 공천,Politics
273,여 공관위   회 이상 경고시 경선 후보 자격 박탈키로,Politics
274,일정 당겨 내려갔다 올라올 땐  깜짝 동승   꼬인 것들 풀렸다 ,Politics
275, 뉴스라운지  윤석열 만난 한동훈  신뢰 변함 없어    갈등 봉합 수순 ,Politics
276, 여랑야랑 윤 한 충돌  실전같은 약속대련    홍익표  인신공격 말라 ,Politics
277,안철수  김건희 명품백 논란에  진정 어린 입장 표명 필요  사과 거듭 주장,Politics
278,김경율  비대위 사퇴  또는  불출마  하면 갈등 봉합 ,Politics
279, 자막뉴스     온대서 기다렸는데 당했다    울분 토한 서천 상인들,Politics
280, 공관위원장  후보간 인신공격 엄격 조처  계파 과열경쟁 경고 종합 ,Politics
281,대통령실  서천 상인 분노에 해명  상인    명 만나 위로 ,Politics
282,친윤  김경율  비대위원 사퇴해야     사퇴 생각 없다 ,Politics
283,이낙연 신당 미래대연합 우선 합칠 듯,Politics
284,김은혜 김병욱    기 신도시 특별법  신경전  국민은 두 번 속지 않아      속기록 보고 오라 ,Politics
285, 격전지 속으로  보수세 확산이냐 저지냐  민심 가늠자  강동갑,Politics
286, 영상   한동훈       티셔츠 꽃게 제스쳐로 유난 떨더니 결국 반공 올드보이  ,Politics
287,이준석   차 약속대련은 한동훈 우세승    차전 있을 것 ,Politics
288, 아는기자 갈등 봉합 위한 대통령실의  두 가지 조건  ,Politics
289,민주당 공천 갈등은 현재진행형  수박 이어 멜론도 나가라 ,Politics
290, 친명  양이원영  비명 양기대에 도전장 민주  자객 출마  논란 지속,Politics
291,김경율   마리 앙투아네트  발언  김건희 여사와 비교 아냐 ,Politics
292, 뉴스추적  윤석열 한동훈 갈등 봉합 국면 관건은 김경율 거취,Politics
293, 아는기자 한동훈  윤 대통령에    도 인사 ,Politics
294,윤 대통령  참모진 설득에  한동훈 만나겠다 ,Politics
295,현역 출마 공약 러시  대전 정치권 총선 레이스 분주,Politics
296,친명  비명 지역구 잇단 출사표   집안싸움 위험 수위,Politics
297,또 비명 저격 출마 선언 과열 경쟁 우려에 홍익표  경쟁자 존중을 ,Politics
298,윤  같이 타자  한  자리 있습니까  열차 동승해 서울로,Politics
299,방심위      바이든 날리면  보도 재심의,Politics
300, 대통령 취임 후 국민의힘  원톱   번 교체    년지기 한동훈은   이슈  ,Politics
301,   사진만 찍고 갔다  항의 소동에  허은아    어깨 두드리며 상인 눈물 외면 ,Politics
302,대통령실 한동훈 갈등 수습 봉합 국면,Politics
303,김은혜  재건축이 국민 삶 망가뜨린다는 민주당 발상 김병욱  분당 주민 앞서 당부터 설득해야 ,Politics
304,민주당 공관위  국회의원 입후보자 간 인신공격 엄격히 조처 ,Politics
305,국방위원장   우리 북한 에     은  옆집 돌   이재명 망언  비참한 안보관 ,Politics
306,눈 맞으며   기다린 한동훈   폴더 인사 로 갈등 봉합,Politics
307,                응집력 급격히 약화된 친윤  홍위병 ,Politics
308,여야 원로들  당정  국민에 안정감 줘야  갈등만 거듭하면 무책임  지적,Politics
309,먼저 온 한동훈   에   도 인사 공멸 위기감에  극적인 봉합   당정 갈등 일단락 ,Politics
310, 명품백 의혹  사태 공개 사과는 없을 듯  제 부속실 설치 규모 시기 등 놓고 고심  당정 갈등 일단락 ,Politics
311,     도 인사 하자     어깨 툭  쳐  민생 얘기만 주고 받았다 ,Politics
312, 이재명이 제안  이언주  탈당  일만에 민주당 복당  고심 ,Politics
313, 이낙연 신당 에 싸늘한 호남  지대 광주 출마 압박,Politics
314,잿더미 바라보며 갈등 불끄기  어디 장소가 없어서  비판도,Politics
315,한동훈    존중 신뢰 변함없다    민생 고리로 파국 피했다,Politics
316,공지영  조국에 실망했다  하태경  진심으로 응원한다 ,Politics
317, 국정 기조 안 바꾸면 대통령도 불행해진다 ,Politics
318,트럼프 헤일리  양자구도 첫 대결,Politics
319,민주당  잿더미 된 시장을  브로맨스 화해쇼  배경으로 삼나 ,Politics
320,이재명  대장동 재판  출석했다 몸 상태 악화로 오후 퇴정 종합 ,Politics
321,  정청래  예비후보  명 후원회장  시끌   친명 또  자객 출마 ,Politics
322,보수논객마저 쓴소리    잿더미서 윤석열 한동훈 화해연극  ,Politics
323,   한동훈 만남이 주목적    일부 상인들  아무말 없이 갔다  분통,Politics
324,윤 대통령  장악력  훼손 윤 한 충돌 봉합의 정치적 후과는 ,Politics
325,이재명    일 만에 열린 대장동 재판서 중도 퇴정,Politics
326,     도 숙여 인사     어깨 툭 치며 악수,Politics
327,윤 대통령  열차 같이 탑시다     대통령 존중  일단 갈등 봉합,Politics
328, 윤석열 당선  등 공신 은 추미애인데      키운 임종석 노영민 석고대죄하라 ,Politics
329,    강성희 강퇴 진상규명  운영위 단독소집    불참에 파행,Politics
330, 파워게임       한동훈   조기 봉합  수순 뇌관은 여전 정다운의 뉴스톡 ,Politics
331, 함께 한 추억  특검 점퍼 입은     한동훈    도 인사 ,Politics
332, 영상   결혼 안 하고  애도 키워보지 않고 헛소리 남발  이준석 직격한 노인회장에 이병태 교수  정말 꼰대들의 막말 ,Politics
333,법무부 장관에 박성재 윤 대통령 대구 좌천 때 고검장,Politics
334,노영민  더이상 분열은 안 돼  총선 불출마 압박 일축,Politics
335,한 총리  전재산 기부  고 신언임 여사에  따뜻한 미소 오래 기억하리 ,Politics
336, 팩트체크  홍익표  원전 사용 반도체 해외 못팔아   애플은 원전도 가능,Politics
337,손잡거나 발목 잡거나 부산 여 현역 구청장 시너지  극과 극 ,Politics
338,문제는  국민 눈높이   당 용산  완전한 원팀  시간 걸릴 듯,Politics
339,민주 최고위원 정청래  후원회장 맡아  시끌  공천 계파 갈등 격화,Politics
340, 확전  피했지만  대통령 한동훈 화해 바라보는 두 시선,Politics
341,미래대연합   이낙연 신당  새로운미래와 이르면 이번 주 통합,Politics
342, 르포       정치적 말 대신 열차 동승으로  봉합  메시지,Politics
343,한동훈  열차에 자리 있습니까  윤석열  같이 올라가자 ,Politics
344, 화재 현장 따로 가면 이상해        회의 도중 한동훈과 만남 결정,Politics
345,금태섭 신당  노인 무임승차제 유지 확장   폐지  이준석과 입장차,Politics
346, 연합뉴스 이 시각 헤드라인         ,Politics
347,윤 한  깜짝 회동  막전막후 한 방문 소식에 윤 시간 앞당겨,Politics
348, 김건희 리스크 사천 논란    갈등 뇌관은 그대로,Politics
349,서천시장 일부 상인    사진만 찍고 가  항의 야권  현장 쇼통으로 복장만 터져 ,Politics
350,   시장 화재 현장은    한동훈  정치쇼 무대 아냐 ,Politics
351,갈등 노출 이틀 만에 조우   한동훈  신뢰 변함 없어 ,Politics
352,   열차 같이 탑시다    동승 화답     년 인연  파국 피했다,Politics
353,올  월부터   개월 복무 병사도 예비역 부사관 임용 가능,Politics
354,  저격수  변신한 이언주  년만에 민주당 귀환하나,Politics
355, 강성희 사태  끝까지 간다는 민주당   대통령 사과하라 ,Politics
356,제 지대 흐지부지될라    말 초가 통합 데드라인 ,Politics
357,김경율 비대위원    가 만만합니까  지역 정치권 성토 한목소리,Politics
358,  리포트  이준석  윤 한 갈등   같은 중국집  이론 불식 의도 ,Politics
359, 일만에 봉합된     갈등  공천권  등 이견 좁힐까,Politics
360,박지원  이낙연  호남  석도    한동훈  갈등 봉합  이준석     차전  이재명  이언주 복당 권유,Politics
361,   눈바람 맞으며    도 인사     어깨 툭치며 손 내밀어,Politics
362, 언제든 다시 터질 시한폭탄  용산  명품백 논란  해법 고심,Politics
363, 선거 지면 돌아갈 곳 없다  한동훈 배수진,Politics
364,박지원의 예언  한동훈  결국 항복하고  용핵관  대거 공천할 것 ,Politics
365,총선 앞 현실론에 갈등 봉합한      대통령님에 대해 깊은 존중과 신뢰 ,Politics
366, 대통령에 깊은 존중과 신뢰   김경율   명품백   물었더니   현장영상 ,Politics
367,   아침회의서  한동훈 서천 온다  보고 받고 흔쾌히  가자 ,Politics
368, 윤 한 갈등  봉합 수순 한  깊은 존중과 신뢰 변함 없어  종합 ,Politics
369, 탈당만 세 번  이언주 전 의원  돌고돌아 민주당 재입당할 듯,Politics
370,이재명  이언주에 복당 권유    진지하게 고민하겠다 ,Politics
371,윤 대통령  한 위원장 어깨  툭  미소  이틀 만에  화해 모드 ,Politics
372,조응천  친명 원외  수박 나가니까 친문 이해찬계도 나가라고 압박 ,Politics
373,서로 일정 조절한       도 인사에 상경열차도 동승,Politics
374,윤석열 한동훈  서천화재 공동 대처  갈등 불씨는 남아,Politics
375, 강성희 퇴장  국회 운영위 파행    경호법 위반       사과하라 ,Politics
376, 한동훈도 서천 온답니다    현장 방문 계획하던  과 통했다,Politics
377,한동훈이 여당 내 야당        갈등 봉합에도 불안한  ,Politics
378, 국힘 탈당  이언주에 이재명 복당 권유    고민하겠다 ,Politics
379,한동훈  대통령 깊은 존중 신뢰 변함없어   김건희 명품백 엔 침묵,Politics
380,비명 지역구 노리는 친명 비례 의원들    선명성  경쟁 조짐,Politics
381,이언주  이재명 복당 제안에 고심중 ,Politics
382, 단독   문재인 대통령의 입  강민석 전 청와대 대변인  민주당 입당,Politics
383,윤 대통령과 한동훈  정치적 갈등일까  인간적 손절일까  중립기어 라이브 ,Politics
384,민주  사천이든 공천이든 대통령실  총선 개입 ,Politics
385,김주영  지역 숙원 인하대병원 설립 논의   대학 측 설립 의지 확고 ,Politics
386, 외식비 줄이지 애들 공부시킬 돈은 안 줄여  민주로 간  전직 현대차 사장 의 비판,Politics
387, 분열은 공멸  공감대  갈등봉합 나선 당정  해법은 숙제,Politics
388,민주당  선거제  변심에 정의당  가시밭길 예고,Politics
389,갈등 봉합  윤 대통령 만난 한동훈  민생 얘기만 했다 ,Politics
390, 국회 우습나    분만에 끝난  강성희 강제 퇴장  운영위  여심야심 ,Politics
391,야권  화재 현장을 화해 현장 활용  공격,Politics
392,이재명   윤 정부 저격  이언주에 복당 권유    고민하겠다 ,Politics
393,  한동훈 충돌 봉합    김건희 성역화  되레 강화됐다,Politics
394, 국힘 탈당  이언주에게 손 내민 이재명  외연 확장 일환 ,Politics
395, 김건희 리스크 가 삼켜버린 대통령 신년 기자회견,Politics
396,  정부 저격수  이언주   년 만에 민주당 복당하나,Politics
397, 당권 재편기 에 또 등장한  윤심 압박   버텨낸 한동훈의 동력은 이런정치 ,Politics
398,금태섭  윤석열 한동훈 같은 뿌리 곧 봉합  이상민  이관섭 책임져야 ,Politics
399,비명 지역구 노리는 친명  이수진 양이원영 등 속속 도전장,Politics
400,이준석  개혁신당  인재영입위원장  겸임,Politics
401, 영상  민주당  대통령 당무 개입 사실  한동훈 위원장 본인 입으로 확인 ,Politics
402, 사사건건 플러스  천하람  지하철 없는 지역 고령층도 살펴야 통합 자체가 목표 아냐 ,Politics
403,정영환 공관위원장  줄세우기 공천 계파 공천 구태 끊어내겠다 ,Politics
404,추미애  윤석열 키운 임종석 노영민 석고대죄해야 ,Politics
405,친명계  비명계 지역구 잇단 도전장  공천 계파갈등 격화,Politics
406, 정치사색  윤대통령 한동훈 서천화재 공동 행보 갈등 봉합 분기점 맞나,Politics
407,새로운미래 미래대연합   정치개혁  고리로 야당발 신당 통합 시동,Politics
408,녹색 정의 연합정당  월  일 창당  사이비 제 세력과 달라 ,Politics
409,김근식  김건희  교통사고 피해자지만 차도냐 인도냐  따질 부분은 있어 ,Politics
410,이재명  국민의힘 탈당 이언주에 복당 권유  늦지 않게 결론 내릴 것 ,Politics
411,정의당  녹색당과 선거연합정당 공식화 제 지대와도 차별화 공언,Politics
412,한동훈  윤에 깊은 존중과 신뢰 마음 가져 변함 전혀 없어 ,Politics
413,한동훈  웃으며   도 폴더인사     악수 뒤  어깨 툭 ,Politics
414,김병욱  노후도시특별법 민주당 주도  김은혜 속기록 보고 오라 ,Politics
415, 선 노리는 주호영에  다선 피로감  공격하는 예비후보들 수성구갑       총선 격전지 속으로 ,Politics
416,안형환 전 의원  송파갑 출마  윤석열 정부 성공 뒷받침 ,Politics
417, 관광객  서 괴한 습격 외교부  미온적 대응  주장 부인 종합 ,Politics
418, 무기 거래  증거 없다 는 러 대사에 외교부  즉각 중단 강력 촉구 ,Politics
419,갈등 논란 후 첫 대면   한동훈  조기 봉합수순 돌입,Politics
420, 현장연결  한동훈  서천 화재 방문후 상경 취재진 질의응답,Politics
421, 현장영상   한동훈   대통령에 대해 존중 신뢰 마음   변함 없어 ,Politics
422, 뉴스큐  신평  한동훈  과도한 대선 행보가 갈등의 근본 ,Politics
423,    전용열차 동승해 서울로 피해 상인들  사진만 찍고 갔다 ,Politics
424,지속가능한 도시 및 미래지향적 신도시  우뚝   인천형 행정체제 개편  서구 검단구 ,Politics
425,이준석  약속대련  차전은 한동훈 우세승    차전 있을 것 ,Politics
426, 약속대련  주장 이어가는 이준석   차전 한동훈 우세승으로 끝날 것 ,Politics
427,국힘 최승재   대형마트 휴무 폐지  발표에  즉각 철회해야 ,Politics
428,      갈등 봉합  서천 화재현장 상인들  사람 우습게 보이나  분통  영상 ,Politics
429,이재명  이언주에  힘 합치자  복당 권유  진지하게 고민 중 ,Politics
430,이재명   국힘 탈당  이언주에 러브콜 외연확장 나선  ,Politics
431, 인터뷰전문  정청래  대통령 임기  년 남아 윤 한 갈등 결국은 대통령 승리로 끝날 듯 ,Politics
432,새미래 미래연  통합  군불   공동 창당대회 방안 논의중 ,Politics
433, 문재인 패권  이언주  이재명 권유에 복당 검토,Politics
434,   법무부 장관으로 지명한 박성재 전 서울고검장은 누구 ,Politics
435, 단독  중대재해법 기소된 원경환    검증위  적격 ,Politics
436,   도  인사하고 팔 두드리고     정면충돌 이틀 만에  봉합  ,Politics
437,민주당    조 규모  수도권 지상철도 지하화  공약 추진,Politics
438,이재명   윤정부 저격  이언주에 복당 권유 이언주  진지하게 고민  종합 ,Politics
439,  정부 포퓰리즘 남발   포퓰리즘  비판받던 이재명 역공 속내,Politics
440, 윤 대통령  반도체 등 첨단산업 망하게 하려 작정했나 ,Politics
441, 문재인 저격수  이언주  민주당 복당  이재명 권유,Politics
442, 양자 기술 로   극초음속 미사일 잡는다,Politics
443,비명계엔  친명 자객   이언주엔  러브콜   민주당다움 의 다른 잣대,Politics
444, 주목  여의도       험지 출마  전지현 전 행정관  이름값 하는 신세대 여전사 되겠다 ,Politics
445,이재명  대장동 백현동 재판 출석 뒤 건강상 이유로 일찍 퇴정,Politics
446,한동훈 눈발 속  폴더 인사     어깨 툭 치며 악수 청했다,Politics
447, 돌 하나 들겠다  조국도 신당  다음달   심 선고 에 쏠린 눈,Politics
448,안철수  명품 백 의혹  대통령실 입장표명 없으면 총선 악영향 ,Politics
449,  에 있는 엄마가 죽었대요  북한판  안네의 일기  담긴 참상,Politics
450,이준석 개혁신당 대표  인재영입위원장 겸임  예상 뛰어넘는 이들 합류 ,Politics
451,총선 앞 확전 자제    김건희 리스크  등 뇌관은 여전,Politics
452,윤  서천시장 화재에  특별재난지역 선포 가능 여부 검토  종합 ,Politics
453,안형환  서울 송파갑 출마 선언   정부 성공 뒷받침 ,Politics
454,외교부   서 폭행 당한 한국 관광객에 영사조력  외면 논란 반박 종합 ,Politics
455,이재명     탈당  이언주에 복당 권유 이언주  고민 중 ,Politics
456,박지원   이재명 비판  이낙연    김건희엔 못 해  꿀리는 것 있나  딱해  여의도초대석 ,Politics
457, 밀라노서 폭행 당했는데 영사관이 외면    외교부 반박 들어보니,Politics
458, 이 입은 점퍼   과 특검때 함께 입던 패딩이었다,Politics
459,천하람  김 여사 명품백 몰카  재판 증거로 쓸 수 있다 유죄 선고 충분 ,Politics
460, 르포   삶의 터전과 추억이 검은 재로  서천 특화시장 상인들  울분 절망 ,Politics
461,이재명     저격수  이언주에 직접 민주당 복당 권유,Politics
462,개혁신당  주요 당직자 인선 발표 이준석 대표 김숙향 부위원장 등,Politics
463,      사천논란  엿새 만에 서천 화재현장서 만나,Politics
464, 국회의원 입 틀어막기  대통령실 사과 논의도 틀어막혔다,Politics
465,한동훈   도 폴더인사    어깨 툭 충돌 이틀만에 손 잡았다,Politics
466,  법무장관에 박성재 지명  한동훈 조우하며 후임 인선,Politics
467,윤  한동훈 어깨를 두드리고 열차에 동반 탑승 갈등 봉합 수순,Politics
468,악수 나누고  어깨 툭   갈등 봉합 제스처 보인  대통령 한동훈 위원장,Politics
469,일정 바꿔   동행한   직접  갈등 마침표  찍나,Politics
470,김건희  윤석열 한동훈 봉합 승인   김은지의 뉴스   ,Politics
471,조국 수호했던 공지영  욕 먹으며 감쌌는데 배신감 ,Politics
472,우원식    한동훈 약속대련 김건희 특검 덮기 위한 연극 ,Politics
473, 뉴스       폭설 맞으며   대통령 기다리는 한동훈,Politics
474,대통령실 한동훈 충돌  출구전략 놓고 의견 분분,Politics
475,이재명   김건희 쓴소리  이언주에게 민주당 복당 권유,Politics
476,이준석  국민의힘  대형 부도의 서막 공천 파동 또 날 것 ,Politics
477,대한노인회 회장  이준석  결혼 안 해봐서 헛소리 남발 ,Politics
478,이재명   국민의힘 탈당  이언주에 복당 권유   일 만날듯,Politics
479, 대통령실 성토장  된 운영위 야  당  쌓인 불만 터뜨렸다,Politics
480, 대통령실 성토장  된 운영위 야  당  쌓인 불만 터뜨렸다,Politics
481,이준석   사퇴 요구  약속대련  차전은 한동훈 우세승 ,Politics
482,  정부 저격  이언주  내일 민주당 복당 검토 이재명 권유,Politics
483, 미래대연합  김종민  이낙연 신당과 합당  이번주 내 결론내야 ,Politics
484,이준석   차전  약속대련 은 한동훈 우세승으로 끝나고    차전 있을 것 ,Politics
485,  저격  이언주  이재명에 복당 권유 받았다  진지하게 고민 중 ,Politics
486, 기자수첩   망각 강요시대   이태원 참사 특별법과 김건희 특검법  얼굴 사라진 테러범 ,Politics
487,이준석  약속대련  차전은 한동훈 우세승    차전도 있을 것 ,Politics
488,윤 한  서천 화재현장 함께 점검   민주  경선 경쟁 본격화,Politics
489,   책임론  꺼낸 추미애  임종석 노영민 출마 안돼 ,Politics
490, 강성희 과잉 제압  운영위  여당 불참에   분만에 파행,Politics
491,천하람  김정숙 여사가 받았다면  한동훈  걸리면 가야지  했을 것 ,Politics
492,채널    대통령 발언 직접 인용  단독 보도  어떻게 나왔을까,Politics
493, 조국 지킴이  공지영  진중권에 뒤늦은 사과 왜 ,Politics
494,고민정     바보 같이 뒤통수 맞냐 소리 들어   누가 그런 말을  딱 한 사람뿐  여의도초대석 ,Politics
495, 김건희 여사  쓴소리 이언주 민주당 복당할 듯,Politics
496, 에     굽힌 한동훈 서천 화재현장서 갈등 봉합 제스처,Politics
497,이재명  이언주에 복당 권유 정성호  이언주 용기에 박수 ,Politics
498,비명 지역구 사냥 나선 친명들  총선 앞두고   내분 본격화,Politics
499,   신임 법무부 장관 후보자에 박성재 전 고검장 지명,Politics
500, 뉴스외전 정치 맞수다  윤 한  전격 만남  한동훈  입장 전환 어려워      김 여사 문제로 제대로 붙을 것 ,Politics
501, 단독  대통령  같이 타자  한동훈  자리 있습니까  열차 동승,Politics
502,  법무부 장관에 박성재 전 서울고검장 지명,Politics
503, 뉴스       화재현장에서 만난 윤석열 한동훈   갈등설 진화  ,Politics
504,한동훈  폴더 인사 에   대통령  어깨 툭 치며 악수 청했다,Politics
505, 강성희 제압사태  국회 운영위 파행     경호법 위반       사과해야 ,Politics
506, 윤 한 갈등 에 김경율 거취는  비대위원직 사퇴로 이어지나,Politics
507, 단독  해병대사령관   박정훈 대령 항명 재판  증인 출석 연기 신청,Politics
508,실금 갔던    년 지기   대통령 한동훈  갈등 봉합 수순 ,Politics
509, 강성희 강제퇴장  운영위   불참으로 파행    국민과 국회 무시 ,Politics
510, 김 여사   사과하면 불리  메시지  디올백이 대통령 기록물  논란,Politics
511,정치  번지  종로 에 여야 후보 난립,Politics
512, 마이웨이  한동훈에 당정 갈등 어디로   여야    당무 개입  공방  앵커리포트 ,Politics
513, 속보      한동훈  후임 법무장관에 박성재 전 서울고검장 지명,Politics
514,공지영  조국  그런 사람일 거라곤   진중권에 미안해 ,Politics
515,    갈등 봉합 국면   친윤계  반응 자제하며 갈등설 진화,Politics
516,김무성  보수 분열 안하면 총선 승리 김건희 명품백 사과해야   월간중앙  특별 인터뷰,Politics
517,이준석  연일      약속대련설  설파에 안간 힘  왜 ,Politics
518,노인회장  이준석  애 안 키워봐 헛소리 에 카이스트 교수  대통령과 국무총리도  ,Politics
519,  한동훈   갈등설  이틀 만에 끌어안았다,Politics
520,류희림 방심위원장  거짓말  논란  방심위 노조  류 위원장 동생 관련 보고서  공개,Politics
521,대장동 재판 재개  법정서 다시 만난 이재명과 유동규,Politics
522,공지영  조국 지지  후회   욕 먹으며 감쌌는데 배신감 커 ,Politics
523, 연합뉴스 이 시각 헤드라인         ,Politics
524,이철규  한동훈 사퇴 요구에  소통의 오해 잘 수습될 것 ,Politics
525,공지영  요즘 이준석 예뻐  과거 진중권에 미안  하태경  용기있는 고백 ,Politics
526,   한동훈과 함께 서천시장 화재현장 점검 엿새만에 갈등 봉합 수순,Politics
527, 바이든 날리면  심의 돌입 방심위     윤 대통령  피해자될 것 ,Politics
528, 강펀치  류호정  이준석과 젠더 갈등 해소 위해 잘 해보고 싶어 ,Politics
529,하태경  공지영  조국 옹호  사과에  용기있는 고백에 박수 ,Politics
530,민주당  김건희 여사가 몰카 피해자  애초에 가방은 왜 받았나 ,Politics
531,한기호     이재명 치료 서울대병원에도      당시 만행 ,Politics
532,   명대 출산율에 서울시의회  저출생정책 소득기준 폐지 제안 종합 ,Politics
533,야당  강성희 퇴장 논란  운영위 단독 소집   여 분 만에 파행,Politics
534,소득 무관   세까지  억원 서울시의회  파격  저출산 대책 종합 ,Politics
535, 육군회관    년 만에 역사속으로     년말  간부숙소  리모델링  명칭도 변경,Politics
536,민주   방심위원 해촉 재가에  방송장악  고발 헌법소원 검토 ,Politics
537,민주당  야권 추천 방심위원 해촉은 방송장악 ,Politics
538, 친윤 핵심  이철규  한동훈 사퇴설에 입 열었다 방송에 나와 한 말,Politics
539,동해에 드리운 방사능 해일의 위험  무기로 읽는 세상 ,Politics
540,김근식  김건희 교통사고 피해자  신호위반 여부도 중요 ,Politics
541, 친윤 핵심  이철규  윤 한 갈등에  소통 과정에 조금 오해 잘 봉합될 것 ,Politics
542, 현장영상     한동훈  서천 화재 현장 방문    사퇴 충돌  뒤 만남에 주목,Politics
543, 강성희 퇴장 논란  운영위    분 만에 파행,Politics
544,충돌 이틀 만에 포옹한   한동훈 서천 화재 현장 함께 점검,Politics
545, 사퇴 거부  한동훈  당무 정상 수행   대응 방안 고심할 듯,Politics
546,공지영  조국  그런 사람일 거라곤 그렇다고 전향은 아냐 ,Politics
547,     실시간뉴스  한동훈  서천 화재 현장 방문   당무 계속,Politics
548,이상민  이관섭 책임져야  안철수  윤 한 만나서 풀어야 ,Politics
549,중국 해양조사선   친중 성향  몰디브행 인도  밀착 감시 중 ,Politics
550,한동훈   도 인사   은 어깨 툭   충돌 사태 봉합 나서나,Politics
551,홍남표 창원시장  선거법 위반  선고 앞두고 변론 재개,Politics
552,민주  김건희 여사가  몰카 피해자   애초에 가방 왜 받았냐 ,Politics
553,김건희   사과 불가  지인에 메시지    몰카 범죄  인권위에 진정,Politics
554,안철수도 이상민도  김건희 디올백 논란 해명해야 ,Politics
555,공지영  조국   잘못했다  한마디만 했어도  하태경  용기있다 ,Politics
556,  월부터 예비역 병장도 하사 진급 가능  동원훈련도 빼준다,Politics
557, 김정숙 여사가 명품백 받았다면  몰카건 뭐건 가야  했을 것   현장영상 ,Politics
558,   운영위서  강성희 강제퇴장    당무개입 강력질타,Politics
559,             강성희 사건 대통령실 입장 뺐다  보도 확인해보니,Politics
560,제 지대 이낙연  광주 출마  압박 불출마 뜻 접을까,Politics
561, 무등의 아침  박은식 비대위원  김건희 여사 명품백 의혹은 정치 공작 국고 귀속되어 있어 ,Politics
562,성남분당을  예비후보     김은혜 김민수와  대결 양상,Politics
563,박용진  김건희 여사 디올백 사과 필요 없다 ,Politics
564, 성추행 혐의 김태우 양산시의원  떠나라  사퇴요구 계속,Politics
565,예비역 병장   월부터 예비역 하사 될 수 있다,Politics
566,김경율 비대위원 사퇴할까    윤 한 갈등  해법  촉각 ,Politics
567,  한동훈  숨고르기   이철규  대통령 당무개입 한 적 없다  ,Politics
568,밀라노서 인종차별적 폭행 금품 갈취당해도 현지 영사관  도와줄 게 없다  ,Politics
569, 자막뉴스  들끓는   민심에  깜짝    한계 마주한 김정은,Politics
570,노인회장  애 안 키워봐 헛소리  카이스트 교수  대통령 국무총리는  ,Politics
571,이상민  대통령실 옹고집 부리면 안돼  금태섭  정치인들 말잔치   앵커리포트 ,Politics
572,신평  한동훈 사퇴 재차 촉구     중도확장성 가진 다른 인물 필요 ,Politics
573,공지영  조국  욕 먹으며 감쌌는데 배신감 진중권엔 미안해 ,Politics
574, 명품백 수수  논란 전말   쟁점은  앵커리포트 ,Politics
575,박지원  한동훈  결국 항복하고  용핵관  공천할 것 ,Politics
576,한동훈  광주항쟁 때 유치원생    임종석에 정면 반박   녹취록 ,Politics
577, 여당 정치인   배신  친명계의 잇따른 비명 의원 저격성 출마선언,Politics
578,최재성  조정식 민주당 사무총장  불출마 고려해봐야 ,Politics
579, 대통령 한동훈 대화 여부 주목 친윤  갈등 수습할 것 ,Politics
580,이철규       당무개입  비판에  심판놀이할 상황 아냐 약속대련  상상력 ,Politics
581,민주   방심위원 해촉은 방송장악  고발 헌법소원 검토 ,Politics
582,국회 운영위 불발에 박주민  대통령실에 묻지도 못하나 ,Politics
583, 뉴스앤이슈       초유의 충돌 사태    봉합  나서나 ,Politics
584, 윤 한 갈등 에 김경율 거취 주목 비대위원 유지 놓고 당내 이견,Politics
585,    갈등 에 김경율 거취 주목 비대위원 유지 놓고 당내 이견,Politics
586,   가장 아끼던 사람에게 뒤통수 맞아    한동훈  마이웨이    녹취록 ,Politics
587,  분만에 파행한 운영위 박주민  대통령실 이상하게 운영되고 있어 ,Politics
588, 강성희 폭력 사건    운영위 소집   분 만 산회,Politics
589,야   강성희 퇴장 논란  운영위 단독 소집   분 만에 파행,Politics
590, 김건희는 피해자   당무개입   도 당원  엄호 나선  ,Politics
591,이준석  한동훈  선거 끝나면 해코지당할 것 줄행랑이 답 ,Politics
592, 팩트체크   디올백은 국고   돌려주면 횡령   따져보니,Politics
593,민주당   윤  권력 사유화  한  사당화  도긴개긴 정권심판 세질 것  종합 ,Politics
594, 뉴스   유영하  대구 달서 갑에 출마한다고 박 전 대통령께 말씀드렸더니    ,Politics
595,껍데기만 남은 민주당의  시스템 공천  김지현의 정치언락 ,Politics
596,국민의힘   강성희 퇴장 논란 에  과장된 연기    막장 드라마 ,Politics
597,김종민  이낙연 신당과 합당  이번주 안에 결론 ,Politics
598, 친명  양이원영   비명  광명을 양기대에 도전장  민주당답지 않은 정치인 ,Politics
599, 지지율       한동훈 비대위  긍정        대통령 평가보다 높아,Politics
600,윤평중 교수  윤 대통령  한동훈 내치고 마이웨이 고집하면 정권심판론 태풍이 정부 여당 삼켜버릴 것 ,Politics
601,이철규  한동훈 사퇴설에  너무 나간 얘기 대통령 당무개입 없다 ,Politics
602,국힘 의원들의 속내  한동훈  윤석열보다 더 필요 ,Politics
603,육군회관     실 규모 간부숙소로 탈바꿈     년말 완공 목표,Politics
604,갈등 해법 고민하는 한동훈  당초 일정 바꿔 서천 화재현장 방문,Politics
605,안철수  김건희 여사 명품백 논란에  진정 어린 입장 표명 필요 ,Politics
606,홍익표    반도체 발언에  첨단산업 문 닫기로 작정  국제 웃음거리 ,Politics
607, 출신 박민식    한동훈  목숨 걸고 싸운 전우 단합 확신한다 ,Politics
608,   강성희 강제퇴장    사과해야    보이콧 경호처 불참,Politics
609, 뉴스포커스  한동훈  서천 화재현장 방문 민주  대통령실 당무 개입 ,Politics
610, 강성희 퇴장  운영위    불참으로 파행      국민 무시하는 행위 ,Politics
611,차주목 창원 마산회원 예비후보  국힘 예비후보 단일화 제안 ,Politics
612, 한동훈 사퇴  논란   김건희 리스크  더 키웠다,Politics
613, 한동훈 답할 차례  대통령실  김경율 문제 해결 안 됐다,Politics
614, 친명  양이원영  비명계 의원 지역구 출마 선언  당원이 심판해달라 ,Politics
615, 윤석열 한동훈 곧 단합할 것  확대 해석 진압 나선    여의도 라디오 ,Politics
616,박연수 천안함장  적 도발하면  그곳이 적들의 무덤 ,Politics
617, 강성희 강제퇴장  국회 무시      운영위 파행    규탄,Politics
618, 중도 확장    총선 악재  윤 한 간극 여전한  김건희 사과 ,Politics
619,이준석  총선 끝나면 해코지할 텐데 한동훈 무조건    계 가 답 ,Politics
620,  이상민    참모들 대오각성 필요 이관섭 사과해야 ,Politics
621,이용호  윤석열 한동훈 눈빛만 봐도 통하는 사이 갈등  만나면 해소 ,Politics
622,새 법무장관에 박성재 전 서울고검장 내정,Politics
623,안철수  명품가방 논란  진정 어린 입장 표명 필요해 ,Politics
624,    충돌이 약속 대련  김종민  맞다면 정치  단  정치타짜 ,Politics
625,김종민  이낙연  총선 출마해야 제 지대 통합은  월말  월초 ,Politics
626, 이태원 특별법 결과 봤어  민주  쌍특검법 재의결  타이밍  재기,Politics
627,   년  월   일 국보위 임명장 받으러 간 날  집권계획 감 잡았다 ,Politics
628,       신형 미사일 추가 지원 때 우크라 대공방어 무너질 우려 ,Politics
629,윤 한   김건희 사과 사천 논란  평행선 확전은 자제,Politics
630,이재명 피습수사 의혹 강성희 강퇴 논란에 국힘  음모론과 역할극 ,Politics
631, 전두환이     에 사과 안 하면 혼자라도 하겠다 ,Politics
632, 전두환     년  월 창당 시도  명확한 사실 ,Politics
633, 뉴스라이브   이재명 심장 뺏길 수 없다    이수진   성남행 ,Politics
634,정호용 특전사령관이  월   일   일 총   시간 광주에 머문 이유,Politics
635,한기호 국방위원장  본색 드러낸     비참한 안보관  이재명 대표 규탄한다 ,Politics
636, 결혼 않고 애 안 키워 헛소리  맹비난에  꼰대 막말  역풍,Politics
637, 뉴스라이브   실전   약속 대련    정치권 해석 분분,Politics
638,  용산  확전은 공멸    윤석열 한동훈  만남  주목,Politics
639, 뉴스라이브       확전   봉합  갈림길     공천까지 영향 받나 ,Politics
640,홍준표  김건희  마리 앙투아네트 비유는 망발 ,Politics
641, 양낙규의              북 미사일에 우크라이나 방공망 뚫리나,Politics
642, 현장영상  명품백 폭로 목사  김건희에 경악해 증거 채집 시작 ,Politics
643,친명 양이원영  비명 양기대에 도전장   이재명 체포안 때 왜 가결표 던졌나 ,Politics
644,소득 상관없이   억  서울시의회  파격  저출산 대책 보니,Politics
645, 간부부터 컴퓨터 끄고 퇴근  쪽지 보낸 최상목 부총리 세종팀의 정책워치 ,Politics
646,  한동훈 갈등  직접 만남으로 봉합   김건희 리스크  불씨는 여전,Politics
647,김 여사 대한 미안함  윤 대통령  사과 왜 이리 주저하나 ,Politics
648,서천화재에 한동훈 현장 방문  이재명  사고수습에 만전 ,Politics
649,홍익표  대통령  반도체 발언 에  세계적 조롱거리  중처법엔  야당 탓 거짓말 ,Politics
650,탁현민   디올백 반환 국고횡령  주장에  대통령기록관에 영원히 보존될 기세 ,Politics
651, 뉴스   천하람  김정숙 여사가 명품백 받았다면    한동훈은  걸리면 가야지  했을 것 ,Politics
652, 기호  번  쉽지 않다   원샷 통합 에서 멀어지는  제 지대 ,Politics
653,민주당원 모임  이성만 의원  우리에게 자부심 갖게 했다  복당 청원 제출,Politics
654, 강단   총선 악재   마이웨이  한동훈  민심 여파는,Politics
655,    충돌 정무기능 못한  섭 섭 라인  책임론 대두,Politics
656,홍익표  원전으로 전력 공급해 만드는 반도체  해외에 못팔아 ,Politics
657,이철규   김 여사 백 받았다  뒤집어씌우는 건 심해 언급 조심을 ,Politics
658, 미래대연합  김종민  제 지대 통합   월말  월초 이뤄질듯 ,Politics
659,여  야 운영위 소집 비판  강성희  대통령 계획 도발 ,Politics
660,공천 위해선  침묵 이 답    당무개입 논란에 잠잠한 국민의힘 이런정치 ,Politics
661,김근식  김경율 출마  사천 아닌 선당후사 갈등 봉합해야 ,Politics
662,인종차별 폭행당한  청년  영사관이 외면  외교부  사실 아니다  반박,Politics
663, 무임승차 폐지  이준석 때린 노인회장  이런 게 꼰대  비판한 노교수,Politics
664,홍익표      반도체 발언  세계적 조롱 천박한 경제관념 ,Politics
665,이철규  마리 앙투아네트 비유  책임있는 분들 자제해야  ,Politics
666,이용호  김건희 억울함 당이 몰라줘 불편했을 것  도 당원 ,Politics
667, 김건희 디올백 이 대통령기록물  관련법 찾아보니,Politics
668,윤석열 한동훈 충돌로 확실해진 것  실세는 김건희,Politics
669,박용진  김건희 여사 사과 필요 없다  왜 ,Politics
670,한동훈 편 든 안철수  나라 위해 싸워야 윤 대통령  정치 중립을 ,Politics
671, 정치쇼  금태섭      같은 뿌리  갈등 길지 않을 것 ,Politics
672, 정치쇼  박성민  한동훈 굴복하면 총선 패배  이기면   레임덕 ,Politics
673,김종민  윤석열 한동훈  갈등 핵심  김건희 디올백  약속대련 가능성 없다 ,Politics
674,이상민  김건희 의혹 해명하면 국민들도 이해 총선과 상관 없어 ,Politics
675, 친윤  이철규  한동훈 사퇴  기우 잘 마무리될 것 ,Politics
676,이철규 저격한 탁현민  김건희 디올백 영원히 보존될 기세 ,Politics
677,용산과 갈등  한동훈 거취두고 해석 분분,Politics
678, 윤핵관  이철규  한동훈 사퇴 논란에  소통 과정서 오해 잘 봉합될 것 ,Politics
679,이상민      갈등에  참모들 보필 못해 이관섭 실장 책임져야 ,Politics
680,안철수  김건희 명품가방 수수 대통령실 입장표명 필요 ,Politics
681,친윤 이철규  김경율  마녀사냥하듯 비유 자제해야  영상 ,Politics
682, 측근 이철규  한동훈과의 갈등 봉합될 것 소통 과정서 오해 ,Politics
683, 미래대연합  김종민  제 지대 통합 시점은  월 말  월 초 ,Politics
684, 몰카  정당성 내세운 최재영 목사  정을 의로 승화한 것  여러분이 이해해야 ,Politics
685,한동훈은 총선 앞둔  의  마지막 총알   의  사퇴  압박은 자기파멸 허민의 정치카페 ,Politics
686, 애 안 키워봐서  이준석 나무란 노인회장에  이병태 교수  자식 없는 대통령과 총리는  ,Politics
687,이재명  선거제 결단은  실리냐 명분이냐  아니면 절충안이냐  이런정치 ,Politics
688,박지원     민생토론회   분 전 불참 통보  세상에 이런 일이 ,Politics
689,이상민    뜻 전달한 참모 대오각성 필요 이관섭 책임져야 ,Politics
690,김건희 여사  디올백 사과 불가  간접적 목소리     몰카 범죄  인권위에 진정,Politics
691,대통령실은 왜 이  사진 을 보도하지 말라 했을까,Politics
692,김종민  이낙연 신당과 합당  이번주 안에는 결론 내야 ,Politics
693,김종혁  한동훈 멘탈  어후  강해요 ,Politics
694,민주 한민수     신년회견 대신    와 단독 인터뷰하면 약속대련 ,Politics
695,민주당 현역 불출마 두자릿수 무주공산 놓고 혼전 예고 이런정치 ,Politics
696,한  제 임기는 총선 이후까지 김 여사 관련 입장 변한 적 없어 ,Politics
697,   조국 지킴이  공지영  욕먹으며 감쌌는데  배신감 ,Politics
698, 관광객  서 괴한 습격 당했는데 영사관 반응  당혹  외교부  영사조력 제공 ,Politics
699, 정치쇼  이상민      갈등  이관섭 실장 책임져야 ,Politics
700,안철수  윤 한 만나서 풀되  디올백 이슈는 풀고가야 ,Politics
701,김종혁  한동훈 사퇴 가능성 낮아 이준석 김기현 때와 조건 달라 ,Politics
702, 겸손해연  이낙연이 달라졌다   화법 아니라 처지 바뀐 것 ,Politics
703,신평  한동훈  대권 욕심에 자신을 구겨넣어 한동훈으로 선거 치르면 극히 불리 ,Politics
704, 이런 게 꼰대들의 막말  이준석에 발끈한 노인회장  작심 비판 한 카이스트 교수,Politics
705, 애 안 키워봐서 저렇다  이준석  지하철 무상이용 폐지  비판한 노인회  역풍,Politics
706, 뉴스라이더     년 지기  윤석열 한동훈  어쩌다  정면충돌  하게 됐나 ,Politics
707, 찐윤  이철규  한동훈 용산  소통 과정서 오해 봉합 믿어 ,Politics
708, 전격시사  배진교 원내대표  정의당     입을 틀어막고 끌고 나가 스포트라이트를 받게 한 것은 바로 대통령실하고 경호처 ,Politics
709,탁현민  대한민국 국고에 잠자고 있는 디올백  깨어나라  ,Politics
710,비명계 윤영찬  이수진 성남 중원 출마  명분없는 선사후사 ,Politics
711, 해명하면 국민이 김건희 여사 이해할 것    이상민  국민에겐 균형감 있어 ,Politics
712,한  제 임기는 총선 이후까지 김 여사 관련 입장 변한 적 없어 ,Politics
713,미래대연합 김종민  제 지대 통합이 우선  안되면 선거연대 ,Politics
714,신평  한동훈 사퇴 요구  김건희 여사 때문 아니라 총선이 우려돼서 ,Politics
715,지금  부산 민심  멀쩡한 부산대서 치료받고 올라갔시믄 좋았을 긴데  ,Politics
716,둘로 쩍 갈라진 국힘  한동훈 책임져라   비서실장 물러나라 ,Politics
717,이상민  윤 뜻 전달한 참모 대오각성 필요 이관섭 책임져야 ,Politics
718, 전격시사  이철규 인재영입위원장  국민의힘     한동훈 비대위원장 사퇴논란 대통령실 당무 개입 월권 없고 있어서는 안돼 ,Politics
719,여야 공천룰 윤곽 초조한 충북 현역들,Politics
720,조국  한동훈 딸 무혐의에  피 토하는 심정 내 딸처럼 수사해야 ,Politics
721, 김민수 국민의힘 대변인 출마해야  성남 분당을 도 시의원들  지지선언,Politics
722,한동훈  사퇴 거부   윤 대통령과  파국 인가  봉합 인가  띵동 정국배달 ,Politics
723,여성 주자 거취 이상민 불이익 여부  격동 의 대전 유성구을,Politics
724, 지하세계      이낙연 이준석 소통 잘 돼  월말  월초 통합 윤곽   나는 정치인이다 ,Politics
725, 지하세계      조국  정치 논쟁거리 만들지 말아야   나는 정치인이다 ,Politics
726, 지하세계      이재명 불출마가 답  선  선이 죄는 아니잖아   나는 정치인이다 ,Politics
727,탁현민  김건희 디올백 영원히 보존될 기세  이철규  반환하면 국고횡령  발언 비판,Politics
728, 지하세계      이재명 좋아서 민주당 지지하는 것 아냐   싫어서 하는 거지   나는 정치인이다 ,Politics
729, 지하세계      윤 대통령 한동훈  실제상황 아니라면 겨룰수 없는 경지의 타짜   나는 정치인이다 ,Politics
730,겉으론  시스템 공천  우려  사퇴 분출  도화선 된  사과 요구 ,Politics
731,윤영찬  친명 이수진 성남 중원출마에  명분없는 선사후사 ,Politics
732,한국  미사일 개발 시작점  국산  호 로켓  황룡 을 아십니까 이현호 기자의 밀리터리 톡 ,Politics
733,윤 대통령 한동훈 충돌 후폭풍 회동 움직임도,Politics
734, 한동훈 후임  법무장관에 박성재 전 서울고검장 내정,Politics
735, 윤석열 한동훈  약속대련   가짜뉴스 음모론 퍼트리는 이준석식 정치 ,Politics
736,이철규   명품백  논란에  몰카 공작 피해자가 사과해야 하는가 ,Politics
737, 뉴스 돋보기   이러다 공멸  확전 자제 당정 갈등 봉합될까,Politics
738,이준석  한동훈    계 줄행랑이 답 ,Politics
739,한민수     신년 회견 대신     단독 인터뷰  그게 약속대련   한판승부 ,Politics
740,한 발 뺀 여권 주류  한동훈 사퇴  여론몰이 실패 ,Politics
741,신평   한동훈 교체  재차 거론  이대로면 국민의힘 총선 참패 ,Politics
742,박지원     토론회   분 전 불참 통보 세상에 이런 일이 ,Politics
743, 마음에 안 들면 나가야   선거 앞 교체 안 돼 ,Politics
744,서정욱  윤 한 갈등  한동훈의 차별화 때문 봉합   에 달려   한판승부 ,Politics
745, 대통령실 해부  기도  서 오 남   검찰 출신들 건재 ,Politics
746, 여의도 터뷰 박영선    강조한 반도체 클러스터  반드시 해야 하는 일 ,Politics
747,   친윤계   친한계 로 나뉘나 ,Politics
748,      일 만의 복귀  함장으로 돌아온 천안함 용사,Politics
749,한동훈 거취 갑론을박  물러날 것      버틸 것 ,Politics
750, 윤 대통령 한동훈  강 건넌 건 아냐  입장 차는 여전,Politics
751,이철규  한동훈 사퇴론에  제 위치에서 자기 역할 다하면 된다 ,Politics
752,이준석   한동훈도 해코지당할 가능성    계 줄행랑이 답   김은지의 뉴스   ,Politics
753,한  제 임기는 총선 이후까지 김 여사 관련 입장 변한 적 없어 ,Politics
754,벌써 네 번 바뀌었는데  윤심 논란 에 잇단 수난,Politics
755,민주당     당무개입 법적조치 쌍특검 재표결  투트랙 공세,Politics
756, 무조건 사퇴요구 아냐       과 갈등 봉합 수순,Politics
757,  과 결별은 공멸  인식     총선 위기감에  숨고르기   대통령실 한동훈 충돌 ,Politics
758,군불지피는 푸틴 방북설   한국 레버리지도 노렸나     기고 ,Politics
759,한동훈   과 정치적으로 결별하나 ,Politics
760, 사퇴 거부  한동훈   과 파국    극적 봉합  갈림길 ,Politics
761,   멘토  신평  한동훈 사퇴 요구  중도확장성 미약한 탓 ,Politics
762, 많은 사람이 참여하도록 열린 경선을   당이 전적으로 공천하고 책임도 져야  열린 경선과 그 적들 총선리포트 ,Politics
763,비서실장의    거취 압박  미스터리,Politics
764,돌아선     한동훈  홀로서기 성공할까,Politics
765, 실세 김건희  각인시킨 디올백 충돌,Politics
766,김경율  분별없는 발언 죄송 정제된 모습 보일 것 ,Politics
767, 윤 한 갈등 에  친윤   친한 으로 나뉘는 여당,Politics
768,소련제 레이더 미국 미사일 러 혼쭐낸  프랑켄슈타인 무기   밀리터리 브리핑 ,Politics
769,    길위에 김대중  관람  살아계셨다면 현 상황 통탄 ,Politics
770,디올백 논란 두고 여권서 제기되는  사과 불가론 ,Politics
771,한동훈의 거침없는 홀로서기    높은 지지율  총선 승리 명분에 탄력,Politics
772,이래도 사당화   한동훈   김경율 출마  지도부와 상의 ,Politics
773,조국  피 토하는 심정 내 딸만큼 한동훈 딸 수사해야 공정한 것 아닌가  ,Politics
774, 우리가 하는 건 정치가 아니다   잇따르는 불출마 반성문,Politics
775,   신의  수  숙고     마이 웨이  고수,Politics
776, 이러면 총선 하나마나   양측  강경 분위기 속 자제 모드,Politics
777,이준석  중국집에 전화기  대 있는 느낌 한동훈에 힘 쏠리는 모양새로 끝낼 것 ,Politics
778,민주당 비례 이수진  불출마 선언 하루 뒤  윤영찬 지역구 출마 ,Politics
779,한동훈  김경율 마포을 출마  발언   불공정 공천일까,Politics
780, 명품백  몰카 함정 취재 걸린 건 맞아  김영란법 적용은 논란,Politics
781, 사퇴 요구 거절  한동훈  김건희 여사 관련 입장 한 번도 변한 적 없어 ,Politics
782,여권  박  대통령 탄핵당했을 때처럼   공세 빌미 줄 수도 ,Politics
783,기로에 선   리더십  당 협력 없이는 힘들다,Politics
784,한동훈    가짜뉴스 운동권 정치  맹폭,Politics
785,여론도  당내서도 힘실어주지만 강대강 대치는 한동훈도 부담,Politics
786,한동훈  내 임기는 총선 이후까지 ,Politics
787,천안함 용사가 천안함장으로,Politics
788,민주  선거제 오락가락   병립형 준연동형 이어 권역별 비례 검토,Politics
789,      불법 당무개입   내부선      멀어지면 정권심판론 약화 ,Politics
790,   당대표 자꾸 없애면 총선 망해  위기감  경북의원 모임 취소,Politics
791,한동훈측  용산에 꺾이면 총선 무조건 진다    과 차별화 강공,Politics
792,김건희 여사   디올백 논란 사과 불가  지인에 메시지,Politics
793,대통령실     하필  김건희 리스크  건드리냐     화 많이 났다 ,Politics
794,조국  한동훈 딸  불송치 에 반발  내 딸처럼 수사해라 ,Politics
795,신평  용산 사퇴 요구   중도확장성 떨어져 총선 참패 우려 ,Politics
796, 윤 한 충돌  여권내 충격파 용산  한동훈과 회동 추진,Politics
797,영남 중진  한동훈이 책임져야  비윤  한  할 일하면 돼 ,Politics
798, 대통령실  선거중립 위반  여권 균열 파고드는 민주당,Politics
799,     김건희 명품백  충돌      버티기 들어가나,Politics
800,인천 계양을   명룡대전  본격화    원희룡  자기 정치 ,Politics
801,   년 전 천안함 가슴에 묻고 이젠 한 명의 전우도 잃지 않겠다 ,Politics
802,마하           날아갔다     고체연료 극초음속 미사일 실체,Politics
803,나경원 안철수도 비슷 갈등 때마다     찍어내기  논란,Politics
804,윤대통령  사천 불가론  재확인 대통령실  봉합 여지는 열어놔 ,Politics
805,한  제 임기는 총선 이후까지 김 여사 관련 입장 변한 적 없어 ,Politics
806, 투나잇이슈  한동훈  사퇴 요구 거절  야권  대통령 당무 개입  공세,Politics
807, 나이트포커스  한동훈 사퇴 요구 논란,Politics
808,한동훈 후임 법무 장관에 박성재   서울고검장 내정,Politics
809, 백브  핑   디올백 이 갈라놓은 호형호제   년  인간극장     ,Politics
810,민생토론 불참한  대통령 확전 봉합 갈림길 속 숙고 종합 ,Politics
811, 실전   약속대련  윤 한 충돌에 정치권 해석 분분,Politics
812,박지원  한동훈 사퇴 요구에  약속대련 아닌 실전 물러날 수밖에 없을 것 ,Politics
813,대한노인회장  이준석  결혼 안 해서 헛소리 석고대죄해야 ,Politics
814,한동훈 억울할까  대통령  사당화  지적에 사전 논의했다는 입장,Politics
815,여성 주자 거취 이상민 불이익 여부  격동 의 대전 유성구을,Politics
816, 전우는 가슴에  적은 바다에 묻겠다  신형 천안함장의 애끓는 다짐,Politics
817, 윤심 이냐   한심 이냐    김건희 리스크    내홍 고조,Politics
818, 박정규의 작살 김동연 지사가 왜 그럴까,Politics
819, 용산 뜻대로 꺾이면 총선 무조건 진다   한동훈 정면돌파 강공,Politics
820,   개월 동안 선장  번 바뀌는게 말이 돼   국힘 당대표 잔혹사,Politics
821,대통령실 한동훈   당정 갈등  봉합 어떻게 ,Politics
822,한  제 임기는 총선 이후까지 김 여사 관련 입장 변한 적 없어 ,Politics
823,이철규  국민들 진실을 몰라  사과 불필요 강조,Politics
824,신당과 친박  대구 경북에서 통할까 ,Politics
825,용산과 정면 충돌 후 첫 거래일 한동훈 테마주  줄줄이 하락,Politics
826,한동훈  평소 쓰던 아이폰 대신 갤럭시 꺼내 고동진과  셀카 ,Politics
827,윤석열 대통령  사당화  지적에 억울하다는 한동훈,Politics
828,한  당은 당의 일  정은 정의 일  차기 권력  마이웨이  걷나,Politics
829, 역린 된 김건희 세 글자  리스크 부메랑 이 됐다,Politics
830, 이준석  결혼 안 해 세상물정 모르고 헛소리  분노한 노인회장,Politics
831,이수진  비명 윤영찬 지역구 도전장 김홍걸 최종윤 불출마,Politics
832,이준석부터 한동훈까지 반복되는 여당  지도부 잔혹사 ,Politics
833,날 세운 친윤계  피해자가 사과하나   한동훈 사퇴론  띄우기,Politics
834,이상민  한동훈과 갈등  최대 피해자는  대통령   비판    물먹이는 것 ,Politics
835,이언주      약속대련   김건희 특검법  받는지를 보면 된다 ,Politics
836,겉으론  공천 우려 라지만  사퇴 분출  도화선 된  사과 요구 ,Politics
837,용산  사퇴 요구 에 한동훈 공개 맞대응  제 임기는 총선 후까지 ,Politics
838, 최측근  한동훈도  유례없는 당정갈등 어디까지,Politics
839, 광주 전남 주간정치  거세지는 이낙연 출마 압박 광주에 나오나 ,Politics
840,대통령에 휘둘리는 집권여당 대표  정치 중립 위반 ,Politics
841, 뉴스레터   신경민  낙준연대  통큰양보  구걸은 없어  유연한 원칙  ,Politics
842, 명품백 의혹  어찌할까 여당내 혼란 극심,Politics
843,한동훈  총선 이후까지 임기  사퇴 거부 윤 대통령  돌연 일정 취소,Politics
844, 짚어봅시다       명품백 충돌    의혹 해소 못하면 필패 ,Politics
845,  리포트  좌천길 함께 갔던 윤 한  이제는 갈림길에,Politics
846,  기 신도시 결자해지  김은혜  홍보수석  성남분당  출마 공식화,Politics
847, 갈등 촉발  김경율  사과했지만 김건희 리스크에는  변한 것 없다 ,Politics
848,김홍걸  이중잣대 검증  비판 민주 현역   명째 불출마 선언,Politics
849, 여랑야랑 한동훈  아이폰 대신 갤럭시    공천 여론조사  쏟아지는  감점  전화,Politics
850, 생생플러스  이용호     비온 뒤 땅 굳어질 것   강성희 운동권식 도발  ,Politics
851, 정면승부  태영호  한동훈 없으면  이준석 대표만 주목 받아 ,Politics
852,친명 내부도 분열   조정식 불출마하라 ,Politics
853, 아는기자    년 지기  윤 한 갈등  무한 신뢰  금 가나 ,Politics
854,명품백 건넨 목사  영부인 불량한 모습에 폭로 결심 ,Politics
855,한동훈  김경율 원희룡 출마 발표 전 사전 논의했다  사당화  억울 ,Politics
856,친윤 사퇴 압박에 한동훈  임기 완주  대통령실 추가 공세  자제 ,Politics
857, 단독  뒤통수 맞았다더라  윤 대통령  심경 토로,Politics
858, 아는기자 사퇴 얘기 나온   인 회동   무슨 일이 ,Politics
859, 뉴스추적  확전 막았지만 갈등 불씨 여전   한동훈 그립  더 세게 ,Politics
860, 단독  비서실장이 사퇴 요구      한동훈이 먼저 질문 ,Politics
861,이준석 김기현 전철 밟을 땐 치명상  확실한 차기 주자로 발돋움  갈림길   대통령실 한동훈 충돌 ,Politics
862,격분한 노인회장  이준석  결혼 안하고 정치권서 무위도식해 헛소리 ,Politics
863,김경율 공천에  윤석열     한동훈  승자 갈린다   김은지의 뉴스   ,Politics
864, 내부 공멸 위기감에  총선   일도 안남아 지도부 흔들리면 선거에 악영향 ,Politics
865,확전 경계하는 대통령실   극적 화해 냐  결별 강행 이냐 기로  대통령실 한동훈 충돌 ,Politics
866, 홀로서기  천명한 한동훈   확전땐 공멸  갈등 봉합 나서,Politics
867,박지원  한동훈  대통령병   한 하늘에 두 태양 용납 안 돼  자업자득 측면도  여의도초대석 ,Politics
868,여  비대위원장 사퇴 요구 로 시끌 한동훈  임기 총선 후까지 ,Politics
869, 마이웨이  못박은 한동훈 여권  파국과 봉합 사이  혼돈 ,Politics
870,여성 주자 거취 이상민 불이익 여부  격동 의 대전 유성구을,Politics
871, 단독  사당화  지적에 한동훈  정면 반박,Politics
872, 단독  대통령 뒷배로 줄세우기 오해  윤 대통령   한동훈 사당화  우려,Politics
873, 명품가방 전달 촬영  최재영 목사  박근혜 탄핵도  몰카 서 시작 ,Politics
874,이번엔  친윤  친한  국민의힘  이대론 선거 못 치러 ,Politics
875, 명품백 의혹 토끼몰이 안돼     한동훈에 발등 찍힌    입장 표명은 언제 ,Politics
876,총선   일 앞두고      정면충돌 당내서도 엇갈린 평가,Politics
877,신평  한동훈  나라 지도자 될 수 있단 환상에 젖어 스스로 물러나야 ,Politics
878, 김건희 지키기가 국정 과제인가  본말 전도된 윤 대통령  제왕정치 ,Politics
879,버티는 한동훈   친윤  손절에  식물 위원장  되나,Politics
880, 영상   한동훈 사퇴 요구 사실   질문에  저 그런 거 잘 확인 안 해요 ,Politics
881, 단독   지금 분열은 공멸이다  용산 한동훈 곧 만난다,Politics
882,이채익 의원   도면 유출  한화오션도 방사청 제재 필요  종합 ,Politics
883,공천 경쟁 본격화   경선 감산점   중진 페널티  등 변수 촉각,Politics
884, 윤    한  강대강 충돌  총선 앞 여권 대혼돈,Politics
885, 우리 동네 총선 라인업  전국구로 떠오른 사상   찐윤  장제원 떠난 자리 출사표 넘쳐,Politics
886,내홍 이면엔 친윤       공천 신경전   중진들 대책 고심,Politics
887, 불출마  최종윤  우리가 하는 건 정치도 민주주의도 아니다  친명 비명 갈등 속 잇따르는  반성문 ,Politics
888,민주 초선    번째 불출마  공천 갈등에도 지도부 친명은  잠잠 ,Politics
889, 한동훈 낙마 땐    석도 못 건져   총선 위기감에 일단  숨 고르기 ,Politics
890,침묵의    마이웨이   당정  확전 봉합  갈림길,Politics
891,문재인  김대중 대통령 살아계신다면 지금 상황 통탄 ,Politics
892,  오태원  발달장애인 낳은 게 죄  망언 이재명  분노 금할 수 없어 ,Politics
893, 정치쇼 약속대련   윤석열 한동훈 충돌 에 야권 계산 분주,Politics
894,함장으로 돌아온 천안함 용사    도발 땐 수장 시킬 것 ,Politics
895,이재명     선거 노골적 개입    정치중립 위반 법적 대응 검토,Politics
896, 친명  비례의원  비명  자객 출마 선언  러시,Politics
897, 찍히면 죽는다  윤 대통령 당무개입 잔혹사,Politics
898,     갈등 에   온도 차   한동훈 책임져야      사퇴하면 풍비박산 ,Politics
899,참모들과 회의한    한동훈 언급은 안 했다,Politics
900,대통령실의  김건희 성역화  윤 한  미묘한  차이에 과잉대응,Politics
901, 연출된 충돌   정치적 이벤트  권력투쟁  윤 한 갈등 다양한 해석,Politics
902,김형근 울산 남구을 예비후보  김기현  본인 의혹부터 밝혀야 ,Politics
903, 마이웨이  선언한 한동훈  총선국면 당정갈등 어떻게 풀까,Politics
904,침묵의    마이웨이   당정 출돌  봉합  갈림길,Politics
905,노인회장  이준석  결혼 안 해서 헛소리  석고대죄하라 ,Politics
906, 결혼 안 해본 이준석  세상 물정 몰라  대한노인회장 분노,Politics
907,민주 초선    번째 불출마에도  지도부 친명은 잠잠,Politics
908,  일정취소    마이웨이 총선 앞 여권 격랑 속으로,Politics
909,친윤의  대표 찍어내기  이번에도 성공  사뭇 다른 분위기,Politics
910,국힘 이철규 의원  명품백 내전  확전방지 가교역,Politics
911, 여의뷰   윤석열 한동훈 파국  위기 돌파 열쇠는,Politics
912, 애 키워보지도 않고  헛소리 남발  노인회장  이준석에 일갈,Politics
913, 분열땐 필패  위기감          년 총선 악몽 에 숨고르기,Politics
914,송영길의  옥중 창당  비례 떴다방 대열 합류,Politics
915,    충돌에 기름붓는 민주당  공천개입 법적조치 검토 ,Politics
916,      총선 열전지대  양보할 수 없는 부산 최대 의석 노리는 민주  수성 나선 국민의힘,Politics
917, 한동훈 낙마 땐    석도 못 건져  총선 위기감에 숨 고르는 여권,Politics
918,   사퇴  온도차 드러내는 친윤    비윤 공천 때문 ,Politics
919, 한동훈 책임져야     사퇴하면 풍비박산  묘하게 갈린  ,Politics
920,김정은의  헤어질 결심   동족      두 국가  갈림길에 선 남한,Politics
921, 한동훈 내치면 국힘 지지 포기   이간질 선동    팬클럽 의견 분분,Politics
922,국민의힘 의원들  눈치싸움   친윤계와 친한계 분리 조짐,Politics
923, 성폭력  차 가해자는 총선 못 뛴다   여야  성폭력 배제 공천 시동거나,Politics
924,    아들도 친구가 녹음 폭로  최재영 목사가 밝힌  김건희 명품백 전말 ,Politics
925, 단독  이해찬  이재명 만남 뒤 하루 만에 김부겸과 회동,Politics
926, 먼저 간 전우는 가슴에  적은 바다에 묻겠다 ,Politics
927,이준석  한동훈 사퇴요구 약속대련  강성희 과잉 제압  운영위 소집   삼성전자   현대차 인재 영입,Politics
928,현근택 가고 이수진 왔다     윤영찬  공정하게 경쟁하겠다 ,Politics
929,조국 김남국    탄핵  언급  중전마마 건드리니 사퇴 종용 ,Politics
930,   한동훈과 같이 갈 수 없다  봉합 할 수 있는 단계 아냐 ,Politics
931,이재명   장애인 왜 낳았나  구청장 발언에  분노 금할 수 없어 ,Politics
932,  한동훈 갈등  봉합이냐 파국이냐  갈림길    확전 자제,Politics
933,이언주    한동훈 충돌  지지율 변화 없어서  쇼  필요했을 수도 ,Politics
934, 단 한 명의 전우도 잃지 않고 승리할 것  천안함 폭침 때 작전관  새 함장에,Politics
935,윤 한이 수사한 박근혜 공천개입은 유죄인데 대통령실이 당무 개입 ,Politics
936,사진 한 장 없이  방사능 쓰나미    핵어뢰  해일  미스터리,Politics
937,한동훈  민주     피습 수사  입맛대로 안 해주니 경찰 악마화 ,Politics
938, 당은 당의 일  정은 정의 일   한동훈의  마이웨이    차기 권력 향해 조기 시동거나,Politics
939,당정 갈등 어디까지  공멸 안돼  자제 속 양측 모두  부글부글 ,Politics
940, 는 삼성 고동진  는 현대 공영운 정치권  잇단 기업가 영입,Politics
941, 김영선  한동훈  이탈에 책임져야 어떻게 찾아온 정권인데 ,Politics
942, 한동훈 사퇴 파문  보더니    궁중 사극   고릴라 싸움 ,Politics
943, 사퇴 거부  한동훈  선민후사  대통령실  원만한 수습 노력 ,Politics
944,김건희 명품백 촬영  기획자 가 국회에서 밝힌  사건의 전말 ,Politics
945, 단독  조수진 국민의힘 의원   명예훼손 혐의  피소,Politics
946,한동훈  사퇴 거부하며  과 차별화     제 임기는 총선 후까지 ,Politics
947, 김건희 발언  했다가 고개 숙인 김경률  제 거친 언행 죄송하다 ,Politics
948,민주     갈등에  대통령 당무개입은 불법 법적조치 검토  종합 ,Politics
949, 이재명     노골적으로 선거 개입      김건희 리스크  집중공략나선 민주,Politics
950,윤석열 한동훈 충돌에   우려 친윤계  봉합해야  목소리,Politics
951,조국 이어 김남국도   탄핵 거론  진지하게 고민해야 ,Politics
952,음주운전 전과  범에 아동학대까지 누굴 뽑나   취재후 ,Politics
953,여권 신 구 권력 충돌 일파만파 윤 대통령 당무개입 논란 확산,Politics
954,한동훈  비대위원장직 수행 의지 밝혀  사퇴 거절  임기 총선 후까지 ,Politics
955,  한동훈  불안한 휴전  용산  일단 지켜본다 ,Politics
956,당 검증 통과 못한 김홍걸 민주당 의원  총선 불출마 ,Politics
957,제 지대 빅텐트 분수령 합당보다 느슨한 연대 가능성 ,Politics
958, 여론조사 꽃  한동훈 발언  신뢰하지 않는다            신뢰한다       ,Politics
959, 뉴스   한동훈   김건희 리스크  입장 변화  내 입장은 변한 적 없다 ,Politics
960,이상민 의원  한동훈 위원장 사퇴하면 국민의힘은 풍비박산 ,Politics
961, 갤럭시 신화  고동진   입당  아이폰 유저  한동훈  갤럭시폰으로 셀카,Politics
962,간접적 목소리 내는 김건희 여사측  몰카 공작 가해자 사과 먼저 ,Politics
963,김경율  마리 앙투아네트  발언 사과  김건희 사과  요구는  변함 없다 ,Politics
964, 한동훈   대통령의 뜻이 뭐냐  물어  결별  극적봉합  숨고르기,Politics
965,야 당   강성희 과잉 제압  공동대응   김용현 경호처장 파면 요구,Politics
966, 뉴스큐  최재성    한동훈  약속대련이라기엔 위험 무모   핵전쟁 급 실전 ,Politics
967,    삼남  김홍걸 총선 불출마   검증 에 막혀,Politics
968, 발달장애인 왜 낳았노  구청장 논란에 이재명  민주당이었다면 곧바로 징계 ,Politics
969,개혁신당 새로운 선택  공수처 폐지 특수부 축소    개혁 공약,Politics
970, 여의도 번지  한동훈  사퇴 요구 거절 제 임기는 총선 이후 이어져 ,Politics
971, 비전 대화   반민주 검찰개혁  첫 삽 뜬 제 지대 빅텐트   동상이몽은 여전,Politics
972,삼성 고동진 현대차 공영운    대기업 사장  나란히 여야 영입,Politics
973,김홍걸 최종윤 총선 불출마  현역   명째,Politics
974,윤석열 한동훈 갈등에 민주  대놓고 당무개입 중대 불법 ,Politics
975,공천 논란 내세웠지만 윤 대통령  역린  건드린 대가라는 시각 지배적,Politics
976,   결국 마이웨이하나  총선  당정 불협화음은 왕부담,Politics
977,비례 이수진  비명 윤영찬 지역구 출마에 티격태격,Politics
978, 영상  한동훈  운동권 특권 세력 상당 부분 종북 성향 ,Politics
979,이준석 이낙연의 제 지대  동상이몽  정책으로  연대  물꼬틀까,Politics
980,용산과 멀어진 한동훈 내막은  약속대련    권력투쟁,Politics
981, 윤 한 갈등 에 한동훈 거취 의견 분분  물러날 것      버틸 것 ,Politics
982,     남  김홍걸  총선 불출마 선언 초선 최종윤도 불출마,Politics
983,여 삼성전자 고동진 야 현대차 공영운 나란히 재계 인사 영입,Politics
984,   는 선수 늘기만 바라  김경율   분별없는 발언  공식 사과,Politics
985, 나는 왜 명품백을 전달했나  공개석상 나온 최재영 목사  현장영상 ,Politics
986,  첨단정찰기     핵어뢰 시험  주장 사흘 만에 출격 추가 도발 징후 포착 ,Politics
987,대통령실 사퇴 요구 재차 거절한 한동훈 선거 목전  대형 악재 에 촉각,Politics
988,또 다시  정면 충돌    여당 대표는  독이 든 성배    앵커리포트 ,Politics
989, 윤석열 한동훈  강대강 대치 총선정국  시계제로   용산실록 ,Politics
990,박지원  한동훈  김건희 마마 역린 건드려  절대 못 살아남아  그게 권력 속성  여의도초대석 ,Politics
991,개혁신당 미래대연합 새로운미래  자 먼저 대화 테이블 구성,Politics
992, 영상     일 만에 천안함 함장으로 돌아온 박연수 중령   전우들 명예 걸고    ,Politics
993,금태섭  민주당식 가짜 검찰개혁 끝내야 공수처 폐지하자 ,Politics
994,위기의 한동훈에  비주류  하태경  소방수  출동   측근  한동훈 비판 에  이간질 말라  일침,Politics
995,   민생토론회 불참   대통령실  한동훈  금도 넘었다 ,Politics
996,   대립에 제 지대 이낙연 이준석 한목소리 비판,Politics
997,한동훈 효과  글쎄  오차 범위 밖으로 벌어진  여야 지지율   싸움 ,Politics
998,이상민      갈등  대통령이 손해  한동훈 사퇴하면 국힘 풍비박산 ,Politics
